date,close,volume,open,high,low
07/02/2026,$162.59,"2,372,274",$159.87,$163.035,$159.55
07/01/2026,$159.15,"2,849,318",$157.795,$160.71,$156.75
06/30/2026,$154.11,"2,125,921",$152.19,$154.775,$151.95
06/29/2026,$154.90,"2,097,138",$157.53,$158.06,$154.67
06/26/2026,$155.09,"2,230,196",$150.98,$155.37,$150.755
06/25/2026,$148.06,"2,685,622",$149.92,$152.55,$148.06
06/24/2026,$152.75,"2,075,451",$151.99,$154.345,$151.42
06/23/2026,$153.38,"2,682,512",$154.715,$155.22,$152.60
06/22/2026,$149.51,"2,771,176",$150.43,$152.86,$149.191
06/18/2026,$155.22,"3,037,137",$156.55,$156.60,$154.125
06/17/2026,$158.79,"2,659,799",$165.24,$166.16,$158.79
06/16/2026,$165.41,"1,667,380",$167.31,$168.1881,$164.57
06/15/2026,$164.33,"1,664,252",$166.52,$168.05,$164.20
06/12/2026,$164.18,"2,504,056",$162.45,$164.37,$160.03
06/11/2026,$163.64,"4,241,792",$163.84,$165.455,$160.4205
06/10/2026,$170.30,"3,143,220",$170.10,$173.85,$169.40
06/09/2026,$178.92,"3,228,059",$178.77,$180.69,$176.33
06/08/2026,$181.92,"2,186,800",$182.595,$183.67,$181.60
06/05/2026,$184.77,"3,822,405",$190.68,$192.13,$183.80
06/04/2026,$187.14,"3,925,628",$192.31,$192.48,$187.00
06/03/2026,$180.67,"2,634,697",$185.14,$186.005,$180.0201
06/02/2026,$190.82,"4,401,962",$192.74,$194.12,$186.89
06/01/2026,$196.11,"4,681,690",$193.97,$196.39,$191.34
05/29/2026,$181.79,"5,022,624",$175.94,$182.82,$175.10
05/28/2026,$175.46,"3,516,501",$172.82,$177.84,$171.69
05/27/2026,$174.14,"1,995,130",$174.40,$176.96,$173.47
05/26/2026,$175.15,"2,166,209",$176.53,$176.86,$174.80
05/22/2026,$175.95,"2,001,076",$177.05,$179.71,$175.3801
05/21/2026,$176.28,"2,467,123",$176.12,$177.025,$172.73
05/20/2026,$179.89,"3,132,062",$176.26,$180.16,$174.345
05/19/2026,$178.80,"5,876,684",$184.23,$185.355,$178.52
05/18/2026,$174.62,"3,140,336",$167.78,$175.33,$167.37
05/15/2026,$169.48,"3,618,618",$168.43,$169.77,$166.57
05/14/2026,$164.18,"3,454,284",$160.97,$165.23,$160.08
05/13/2026,$160.82,"5,044,677",$162.31,$162.69,$158.58
05/12/2026,$167.27,"2,897,285",$170.44,$170.44,$165.60
05/11/2026,$170.10,"2,791,696",$173.24,$173.83,$168.80
05/08/2026,$173.70,"3,705,617",$174.31,$174.34,$170.89
05/07/2026,$174.71,"4,428,844",$176.11,$180.025,$174.62
05/06/2026,$173.13,"6,245,891",$178.59,$178.59,$172.48
05/05/2026,$172.39,"2,943,133",$171.02,$173.11,$168.90
05/04/2026,$171.42,"3,016,086",$172.12,$173.99,$171.26
05/01/2026,$170.76,"2,920,377",$172.64,$173.815,$169.50
04/30/2026,$169.49,"3,158,199",$170.57,$171.79,$168.65
04/29/2026,$170.10,"3,350,842",$171.495,$171.57,$169.08
04/28/2026,$173.49,"2,760,641",$174.03,$175.55,$173.15
04/27/2026,$173.44,"3,327,869",$175.65,$177.08,$173.25
04/24/2026,$175.26,"6,846,804",$175.10,$175.83,$171.56
04/23/2026,$163.25,"7,314,581",$165.96,$168.29,$162.00
04/22/2026,$174.02,"3,424,027",$173.78,$176.90,$173.43
04/21/2026,$176.44,"3,128,428",$177.95,$180.67,$176.22
04/20/2026,$178.94,"3,200,855",$178.09,$180.32,$177.06
04/17/2026,$181.22,"6,647,902",$187.20,$188.50,$180.06
04/16/2026,$177.41,"5,150,009",$179.54,$179.945,$176.75
04/15/2026,$172.90,"2,687,927",$170.97,$173.81,$170.15
04/14/2026,$167.81,"3,101,013",$170.01,$171.745,$166.94
04/13/2026,$169.57,"3,311,257",$162.91,$169.81,$162.67
04/10/2026,$163.10,"5,280,271",$166.275,$166.28,$161.91
04/09/2026,$164.50,"5,261,244",$166.265,$166.39,$160.66
04/08/2026,$169.18,"3,642,813",$177.73,$177.90,$169.00
04/07/2026,$169.48,"2,195,892",$170.22,$170.43,$166.62
04/06/2026,$171.12,"1,424,245",$171.90,$172.53,$169.54
04/02/2026,$171.77,"2,852,195",$168.27,$172.51,$166.92
04/01/2026,$171.36,"2,311,973",$172.98,$173.22,$169.24
03/31/2026,$171.21,"2,324,509",$169.41,$172.91,$167.93
03/30/2026,$168.29,"2,673,216",$166.80,$170.40,$166.08
03/27/2026,$164.02,"2,239,230",$167.21,$167.40,$163.77
03/26/2026,$167.08,"3,719,991",$167.72,$170.945,$166.30
03/25/2026,$168.95,"2,449,856",$172.96,$173.86,$168.14
03/24/2026,$171.00,"3,590,367",$172.22,$172.65,$169.26
03/23/2026,$178.16,"2,420,255",$180.81,$181.47,$177.09
03/20/2026,$175.80,"5,687,007",$177.04,$178.03,$174.50
03/19/2026,$185.01,"3,329,566",$184.43,$186.81,$183.19
03/18/2026,$183.74,"2,312,051",$189.67,$190.98,$183.69
03/17/2026,$190.12,"1,793,858",$190.43,$192.94,$189.23
03/16/2026,$191.63,"1,812,795",$190.59,$191.89,$189.67
03/13/2026,$189.94,"1,731,683",$191.87,$193.25,$189.14
03/12/2026,$190.50,"2,345,105",$192.39,$194.74,$190.33
03/11/2026,$191.22,"3,220,062",$194.48,$195.785,$188.75
03/10/2026,$195.83,"2,648,733",$199.90,$200.055,$193.63
03/09/2026,$200.10,"3,059,448",$199.98,$201.49,$197.4601
03/06/2026,$202.25,"2,428,016",$198.16,$202.25,$197.34
03/05/2026,$199.48,"3,389,398",$194.73,$200.42,$194.73
03/04/2026,$195.58,"3,527,626",$193.48,$197.10,$193.07
03/03/2026,$196.33,"6,817,490",$187.935,$196.91,$187.935
03/02/2026,$196.01,"3,509,379",$195.85,$198.11,$194.55
02/27/2026,$201.53,"2,624,816",$200.545,$202.85,$198.71
02/26/2026,$204.68,"2,266,063",$202.36,$206.00,$201.42
02/25/2026,$198.25,"2,799,510",$197.45,$198.83,$195.055
02/24/2026,$196.46,"2,947,265",$194.90,$198.67,$193.23
02/23/2026,$196.71,"2,118,203",$199.12,$199.22,$196.06
02/20/2026,$202.59,"1,657,351",$201.13,$205.33,$200.37
02/19/2026,$200.26,"1,856,781",$202.61,$203.20,$199.87
02/18/2026,$205.20,"1,753,120",$201.815,$205.80,$201.18
02/17/2026,$201.47,"1,654,089",$202.11,$203.54,$199.13
02/13/2026,$204.53,"2,590,570",$205.92,$206.92,$203.47
02/12/2026,$203.74,"3,730,728",$203.26,$204.44,$200.37
02/11/2026,$202.65,"3,619,203",$206.43,$207.83,$199.78
02/10/2026,$212.21,"3,611,476",$210.53,$212.98,$210.45
02/09/2026,$210.41,"3,576,331",$206.80,$210.67,$204.765
02/06/2026,$203.34,"3,050,531",$200.42,$203.51,$199.73
02/05/2026,$197.41,"4,492,337",$200.70,$203.2585,$197.075
02/04/2026,$199.68,"6,629,995",$191.00,$200.1959,$189.22
02/03/2026,$197.29,"8,152,372",$201.39,$202.20,$195.06
02/02/2026,$207.23,"6,261,667",$205.575,$207.5486,$203.63
01/30/2026,$201.04,"6,265,429",$203.82,$204.39,$200.96
01/29/2026,$200.21,"9,484,797",$199.04,$201.44,$195.12
01/28/2026,$236.11,"2,173,049",$235.56,$236.84,$233.97
01/27/2026,$233.94,"2,014,568",$236.63,$237.92,$232.325
01/26/2026,$239.92,"2,313,829",$234.79,$239.9934,$234.12
01/23/2026,$231.07,"4,046,319",$228.85,$234.84,$228.82
01/22/2026,$226.35,"3,399,054",$221.13,$226.63,$220.89
01/21/2026,$225.10,"3,154,001",$223.53,$226.46,$221.71
01/20/2026,$226.92,"2,598,883",$224.775,$228.54,$224.775
01/16/2026,$233.59,"1,883,348",$234.82,$235.00,$231.91
01/15/2026,$235.84,"2,080,265",$237.88,$239.84,$235.41
01/14/2026,$238.88,"2,206,440",$245.25,$245.93,$236.68
01/13/2026,$247.10,"2,279,858",$254.88,$255.90,$245.90
01/12/2026,$248.84,"1,335,219",$248.555,$249.55,$246.9801
01/09/2026,$247.11,"1,737,873",$247.695,$248.2199,$243.62
01/08/2026,$241.03,"1,349,088",$241.26,$242.28,$240.19
01/07/2026,$243.43,"1,434,175",$242.30,$245.15,$240.95
01/06/2026,$237.98,"1,638,922",$236.51,$238.63,$234.54
01/05/2026,$240.44,"1,416,318",$238.07,$242.225,$237.415
01/02/2026,$236.92,"1,473,093",$242.46,$242.69,$234.65
12/31/2025,$242.91,"679,740",$244.455,$245.51,$242.77
12/30/2025,$244.59,"648,730",$244.61,$245.95,$244.51
12/29/2025,$246.04,"821,086",$245.63,$246.55,$244.768
12/26/2025,$246.56,"491,726",$245.66,$246.59,$244.82
12/24/2025,$245.60,"383,364",$246.35,$246.37,$244.03
12/23/2025,$244.96,"869,641",$245.98,$246.25,$244.12
12/22/2025,$245.30,"1,153,223",$245.92,$246.46,$244.22
12/19/2025,$244.33,"1,567,408",$243.58,$245.50,$242.86
12/18/2025,$244.31,"1,263,185",$243.73,$246.34,$243.44
12/17/2025,$241.42,"1,152,360",$241.60,$244.53,$241.05
12/16/2025,$243.66,"1,785,458",$242.46,$244.75,$240.10
12/15/2025,$244.49,"2,105,228",$247.61,$247.94,$242.92
12/12/2025,$244.83,"1,283,981",$246.57,$247.52,$244.075
12/11/2025,$247.39,"1,515,235",$244.64,$247.88,$244.50
12/10/2025,$245.88,"896,901",$243.23,$246.965,$242.095
12/09/2025,$244.13,"840,029",$242.81,$244.77,$242.445
12/08/2025,$242.98,"1,751,424",$245.32,$245.77,$242.625
12/05/2025,$247.26,"1,407,630",$246.82,$250.285,$246.51
12/04/2025,$245.47,"1,706,668",$248.60,$248.859,$244.905
12/03/2025,$243.82,"1,527,365",$241.08,$244.21,$240.39
12/02/2025,$241.72,"1,626,116",$241.34,$243.02,$240.94
12/01/2025,$242.08,"1,352,648",$241.545,$244.10,$241.16
11/28/2025,$241.75,"628,739",$240.34,$242.75,$239.95
11/26/2025,$240.02,"1,512,249",$238.60,$240.94,$237.685
11/25/2025,$237.86,"2,031,422",$235.72,$238.54,$234.08
11/24/2025,$238.29,"1,856,469",$239.33,$239.5575,$237.13
11/21/2025,$236.70,"1,763,457",$237.50,$238.90,$234.75
11/20/2025,$233.94,"2,092,180",$240.655,$241.1033,$233.51
11/19/2025,$237.97,"1,183,742",$239.59,$240.045,$236.64
11/18/2025,$237.99,"1,399,661",$238.55,$240.44,$236.31
11/17/2025,$238.90,"2,410,396",$242.65,$242.81,$237.25
11/14/2025,$245.03,"2,523,066",$243.63,$247.26,$243.08
11/13/2025,$251.86,"832,201",$253.40,$254.63,$251.81
11/12/2025,$253.34,"1,170,307",$253.18,$255.20,$252.29
11/11/2025,$254.38,"940,665",$252.11,$254.61,$251.27
11/10/2025,$251.76,"1,028,056",$251.53,$251.8315,$249.44
11/07/2025,$251.96,"1,128,040",$250.21,$251.97,$249.02
11/06/2025,$253.88,"1,290,806",$257.85,$258.50,$250.985
11/05/2025,$261.06,"983,620",$259.46,$264.10,$259.23
11/04/2025,$259.64,"1,327,604",$258.68,$260.355,$258.32
11/03/2025,$263.96,"1,172,151",$264.02,$265.88,$261.85
10/31/2025,$260.01,"1,972,153",$259.04,$260.97,$258.14
10/30/2025,$259.19,"1,445,465",$259.06,$263.27,$258.88
10/29/2025,$259.64,"2,019,795",$264.62,$264.725,$258.93
10/28/2025,$270.06,"1,463,705",$271.91,$273.40,$270.04
10/27/2025,$272.16,"1,971,187",$272.50,$274.15,$271.205
10/24/2025,$269.55,"2,207,777",$276.53,$276.54,$268.90
10/23/2025,$278.53,"2,367,444",$269.92,$281.365,$269.92
10/22/2025,$276.22,"3,154,125",$277.08,$278.85,$273.95
10/21/2025,$280.46,"2,020,615",$276.59,$280.81,$276.04
10/20/2025,$277.91,"1,464,918",$274.94,$279.3799,$274.94
10/17/2025,$272.90,"1,186,750",$267.94,$273.025,$267.61
10/16/2025,$269.74,"1,247,633",$274.08,$276.26,$268.855
10/15/2025,$271.64,"955,772",$271.50,$272.935,$269.26
10/14/2025,$270.52,"1,040,920",$265.94,$271.61,$264.5416
10/13/2025,$269.82,"783,627",$267.39,$269.84,$265.66
10/10/2025,$265.53,"1,327,619",$275.86,$276.13,$265.48
10/09/2025,$275.79,"1,157,858",$275.59,$276.83,$274.1355
10/08/2025,$277.15,"1,092,463",$275.76,$277.50,$274.83
10/07/2025,$273.82,"1,051,520",$275.00,$275.58,$273.59
10/06/2025,$274.28,"1,229,495",$271.71,$274.395,$269.77
10/03/2025,$270.53,"1,027,593",$269.93,$271.159,$268.09
10/02/2025,$271.91,"1,201,355",$272.09,$273.84,$270.80
10/01/2025,$269.99,"1,394,413",$265.84,$270.51,$265.80
09/30/2025,$267.21,"941,243",$266.74,$268.29,$265.83
09/29/2025,$263.82,"1,150,973",$262.92,$265.65,$262.54
09/26/2025,$264.08,"965,071",$262.10,$264.50,$261.01
09/25/2025,$262.51,"1,216,292",$261.51,$263.87,$260.9224
09/24/2025,$268.85,"2,045,623",$271.76,$272.24,$267.5575
09/23/2025,$265.27,"1,197,205",$267.24,$268.38,$265.135
09/22/2025,$265.38,"1,548,266",$263.83,$265.6935,$263.395
09/19/2025,$266.91,"1,670,964",$269.25,$269.675,$266.81
09/18/2025,$269.74,"2,962,384",$268.20,$271.42,$266.49
09/17/2025,$261.42,"3,737,695",$259.59,$261.52,$256.41
09/16/2025,$253.60,"2,803,990",$251.51,$254.50,$248.32
09/15/2025,$252.42,"3,535,222",$251.17,$253.245,$249.14
09/12/2025,$257.16,"1,499,996",$258.17,$259.03,$256.91
09/11/2025,$258.19,"3,282,228",$259.16,$259.44,$256.675
09/10/2025,$260.51,"3,242,443",$270.30,$270.30,$259.83
09/09/2025,$271.48,"3,125,000",$270.05,$271.73,$269.6201
09/08/2025,$270.33,"1,939,446",$268.72,$272.025,$268.72
09/05/2025,$269.00,"1,700,489",$271.67,$272.26,$267.29
09/04/2025,$271.99,"1,012,760",$272.88,$273.12,$270.81
09/03/2025,$270.94,"1,063,203",$268.81,$270.99,$267.89
09/02/2025,$266.20,"1,594,468",$266.83,$268.60,$264.18
08/29/2025,$272.16,"1,208,005",$272.26,$272.67,$270.21
08/28/2025,$275.40,"731,041",$275.74,$276.825,$275.15
08/27/2025,$275.11,"1,111,522",$270.47,$275.44,$270.13
08/26/2025,$269.86,"1,823,846",$271.51,$272.305,$269.4513
08/25/2025,$270.26,"1,397,334",$273.17,$273.71,$270.26
08/22/2025,$271.11,"1,450,763",$269.48,$272.51,$268.32
08/21/2025,$269.21,"1,593,761",$270.37,$271.42,$268.115
08/20/2025,$272.53,"1,249,085",$273.125,$273.46,$270.31
08/19/2025,$274.23,"1,676,398",$277.74,$278.52,$273.63
08/18/2025,$276.72,"1,724,291",$275.88,$276.78,$275.49
08/15/2025,$277.85,"1,292,643",$278.49,$279.53,$276.56
08/14/2025,$278.91,"954,630",$278.48,$279.85,$278.10
08/13/2025,$278.82,"1,662,995",$278.02,$281.00,$277.025
08/12/2025,$275.89,"5,253,716",$273.75,$276.20,$268.66
08/11/2025,$287.24,"1,314,294",$288.88,$290.50,$286.71
08/08/2025,$292.12,"1,159,703",$291.44,$293.015,$289.62
08/07/2025,$295.46,"1,854,591",$299.21,$299.4775,$292.2131
08/06/2025,$291.78,"1,135,726",$288.37,$292.08,$287.92
08/05/2025,$285.19,"1,090,178",$286.05,$287.10,$283.93
08/04/2025,$283.79,"1,076,986",$284.205,$284.38,$281.915
08/01/2025,$283.00,"1,578,580",$282.08,$284.84,$281.03
07/31/2025,$286.70,"1,323,782",$290.39,$290.72,$285.60
07/30/2025,$290.50,"1,375,520",$287.75,$291.61,$287.12
07/29/2025,$287.54,"1,521,149",$285.86,$288.62,$285.84
07/28/2025,$282.38,"1,482,359",$285.27,$285.70,$282.00
07/25/2025,$288.03,"1,608,884",$285.81,$288.46,$285.43
07/24/2025,$286.16,"2,258,203",$288.29,$290.555,$286.16
07/23/2025,$290.63,"4,638,538",$292.92,$294.44,$286.74
07/22/2025,$306.29,"2,078,243",$306.69,$307.66,$303.50
07/21/2025,$307.27,"936,651",$306.39,$308.55,$305.115
07/18/2025,$305.97,"1,021,395",$309.34,$309.73,$305.30
07/17/2025,$308.61,"1,389,072",$304.37,$308.61,$304.37
07/16/2025,$306.02,"1,021,532",$305.50,$306.29,$302.01
07/15/2025,$301.58,"688,602",$303.43,$303.94,$300.73
07/14/2025,$300.64,"902,458",$297.72,$302.11,$296.90
07/11/2025,$300.85,"1,105,141",$304.11,$304.19,$300.82
07/10/2025,$306.21,"1,368,921",$313.28,$313.28,$306.095
07/09/2025,$311.93,"795,227",$310.67,$312.26,$309.94
07/08/2025,$308.76,"1,552,164",$309.09,$310.465,$307.755
07/07/2025,$305.53,"1,131,718",$304.55,$306.9665,$303.78
07/03/2025,$303.72,"858,048",$298.85,$304.095,$298.76
07/02/2025,$298.16,"1,452,064",$296.48,$299.55,$295.82
07/01/2025,$300.68,"961,899",$305.43,$306.91,$299.565
06/30/2025,$304.10,"884,674",$302.93,$304.63,$301.86
06/27/2025,$301.09,"1,039,474",$298.93,$303.25,$297.85
06/26/2025,$295.55,"1,913,351",$293.84,$296.165,$291.03
06/25/2025,$293.29,"970,649",$295.25,$295.96,$293.00
06/24/2025,$297.08,"1,223,047",$295.06,$297.7999,$293.67
06/23/2025,$290.80,"922,387",$286.60,$291.10,$285.485
06/20/2025,$287.59,"1,298,473",$290.91,$291.04,$287.44
06/18/2025,$289.81,"1,611,052",$291.42,$292.38,$289.22
06/17/2025,$292.64,"727,962",$296.31,$296.71,$292.40
06/16/2025,$295.84,"1,138,020",$295.99,$298.51,$295.46
06/13/2025,$293.36,"1,445,064",$293.77,$296.16,$292.39
06/12/2025,$301.74,"884,313",$302.75,$304.50,$301.64
06/11/2025,$299.21,"1,869,432",$301.465,$303.58,$298.245
06/10/2025,$304.41,"1,022,070",$304.77,$305.22,$302.70
06/09/2025,$305.42,"1,128,733",$302.07,$306.22,$300.935
06/06/2025,$309.80,"571,430",$309.84,$310.89,$309.43
06/05/2025,$309.10,"666,409",$311.24,$311.40,$307.71
06/04/2025,$309.32,"659,583",$307.17,$310.49,$306.68
06/03/2025,$306.39,"1,256,340",$304.10,$307.25,$303.30
06/02/2025,$304.66,"830,587",$301.01,$304.66,$299.965
05/30/2025,$302.86,"1,188,386",$301.79,$303.46,$299.3501
05/29/2025,$296.93,"1,103,313",$297.975,$298.91,$296.01
05/28/2025,$298.07,"1,069,244",$297.53,$299.39,$296.81
05/27/2025,$301.84,"1,219,755",$301.96,$304.43,$300.10
05/23/2025,$294.87,"1,420,072",$292.70,$296.16,$292.05
05/22/2025,$299.84,"1,577,232",$298.04,$301.82,$297.77
05/21/2025,$298.41,"761,703",$298.99,$302.20,$297.945
05/20/2025,$299.27,"830,227",$299.80,$300.0295,$297.60
05/19/2025,$298.74,"1,011,463",$295.86,$299.29,$295.05
05/16/2025,$296.41,"1,223,610",$297.11,$297.45,$295.36
05/15/2025,$294.35,"1,052,082",$292.19,$294.78,$290.645
05/14/2025,$288.46,"1,222,005",$291.29,$291.72,$287.5131
05/13/2025,$289.73,"1,488,597",$289.15,$291.67,$288.45
05/12/2025,$293.51,"1,303,262",$288.46,$293.51,$286.04
05/09/2025,$293.97,"705,634",$296.58,$296.92,$293.59
05/08/2025,$294.33,"1,143,160",$297.055,$297.45,$293.95
05/07/2025,$297.33,"1,121,398",$297.76,$299.19,$295.55
05/06/2025,$297.68,"1,239,453",$298.57,$300.11,$296.76
05/05/2025,$302.63,"1,441,232",$300.83,$303.395,$300.41
05/02/2025,$301.72,"2,751,688",$300.46,$302.68,$299.14
05/01/2025,$288.93,"1,340,311",$295.59,$295.59,$288.44
04/30/2025,$292.19,"1,856,529",$286.51,$292.28,$285.785
04/29/2025,$292.55,"1,977,199",$289.63,$293.185,$289.19
04/28/2025,$285.35,"1,475,636",$284.72,$286.57,$282.7466
04/25/2025,$277.95,"1,850,697",$276.40,$279.45,$274.35
04/24/2025,$273.55,"1,609,268",$270.15,$274.63,$269.90
04/23/2025,$271.48,"2,814,430",$273.63,$277.9788,$270.26
04/22/2025,$252.40,"2,503,397",$247.94,$254.71,$247.85
04/21/2025,$250.54,"1,653,333",$255.19,$255.605,$247.61
04/17/2025,$257.40,"1,503,700",$259.43,$259.73,$256.29
04/16/2025,$260.48,"1,313,214",$261.81,$264.81,$258.75
04/15/2025,$261.96,"893,902",$261.41,$263.64,$261.135
04/14/2025,$259.53,"1,522,329",$260.15,$263.05,$257.35
04/11/2025,$259.15,"1,627,685",$254.61,$260.77,$252.94
04/10/2025,$258.49,"2,432,712",$258.05,$259.80,$250.9975
04/09/2025,$259.61,"2,836,477",$238.07,$261.98,$236.13
04/08/2025,$237.53,"2,450,735",$244.36,$245.80,$234.515
04/07/2025,$241.54,"4,495,560",$240.40,$256.21,$239.63
04/04/2025,$248.50,"1,878,029",$256.35,$258.11,$248.37
04/03/2025,$264.34,"1,937,331",$267.66,$268.93,$263.80
04/02/2025,$271.42,"847,940",$265.41,$272.60,$265.37
04/01/2025,$270.34,"957,749",$268.46,$271.365,$266.695
03/31/2025,$268.44,"1,374,885",$263.94,$269.37,$261.89
03/28/2025,$268.00,"1,214,694",$268.235,$269.22,$266.295
03/27/2025,$268.15,"598,672",$265.25,$269.1799,$264.80
03/26/2025,$268.00,"1,270,283",$272.65,$273.23,$267.01
03/25/2025,$280.23,"706,852",$278.705,$280.435,$278.13
03/24/2025,$275.74,"779,611",$275.82,$276.98,$274.42
03/21/2025,$272.53,"1,275,097",$268.78,$272.82,$268.63
03/20/2025,$271.69,"1,989,748",$268.86,$272.27,$268.70
03/19/2025,$271.44,"1,604,817",$267.59,$272.8516,$267.17
03/18/2025,$270.64,"2,155,026",$270.94,$271.315,$265.645
03/17/2025,$269.55,"1,464,191",$265.91,$270.5399,$265.57
03/14/2025,$263.88,"954,583",$260.53,$264.63,$259.24
03/13/2025,$255.19,"1,558,809",$257.74,$258.465,$254.41
03/12/2025,$264.12,"1,099,309",$263.96,$265.93,$260.945
03/11/2025,$260.67,"1,527,671",$262.42,$264.4725,$258.87
03/10/2025,$261.31,"1,790,310",$268.73,$269.36,$259.20
03/07/2025,$276.80,"2,688,157",$278.20,$279.845,$273.43
03/06/2025,$279.34,"1,048,540",$280.01,$283.90,$277.41
03/05/2025,$286.73,"1,362,337",$283.58,$287.70,$282.6618
03/04/2025,$279.05,"1,688,513",$276.72,$284.09,$272.30
03/03/2025,$280.65,"1,914,212",$285.47,$287.28,$279.41
02/28/2025,$275.00,"1,382,184",$274.51,$276.62,$272.97
02/27/2025,$274.60,"1,515,917",$283.25,$283.43,$274.24
02/26/2025,$285.88,"1,270,199",$286.42,$289.6543,$284.56
02/25/2025,$286.94,"1,500,370",$287.21,$289.47,$283.72
02/24/2025,$284.55,"1,202,954",$287.40,$289.29,$283.54
02/21/2025,$282.99,"1,105,194",$288.52,$288.67,$281.71
02/20/2025,$287.92,"679,253",$289.02,$289.77,$286.38
02/19/2025,$288.47,"1,081,066",$291.13,$291.26,$287.24
02/18/2025,$292.68,"720,575",$292.75,$292.82,$290.9131
02/14/2025,$290.69,"783,934",$291.88,$292.03,$289.92
02/13/2025,$293.69,"757,413",$291.27,$293.70,$289.89
02/12/2025,$290.97,"824,308",$287.86,$292.2999,$286.92
02/11/2025,$288.87,"1,084,581",$284.42,$289.53,$284.36
02/10/2025,$280.74,"622,375",$279.04,$281.38,$278.89
02/07/2025,$279.64,"739,018",$283.31,$283.90,$279.20
02/06/2025,$283.23,"671,930",$280.47,$283.86,$280.03
02/05/2025,$283.19,"610,666",$281.02,$283.41,$280.575
02/04/2025,$278.11,"906,648",$275.23,$278.1411,$275.12
02/03/2025,$272.56,"2,379,146",$272.06,$274.37,$268.70
01/31/2025,$276.06,"980,088",$278.76,$280.33,$276.01
01/30/2025,$279.36,"1,084,624",$276.50,$280.5349,$276.15
01/29/2025,$276.83,"1,677,852",$278.65,$279.14,$275.53
01/28/2025,$273.79,"2,068,784",$269.94,$274.97,$268.05
01/27/2025,$275.60,"1,706,460",$273.04,$276.10,$272.12
01/24/2025,$276.29,"870,857",$275.25,$277.36,$274.885
01/23/2025,$275.37,"1,091,252",$271.42,$275.38,$270.475
01/22/2025,$273.00,"992,876",$274.74,$275.10,$272.28
01/21/2025,$269.29,"955,257",$267.08,$269.29,$265.82
01/17/2025,$262.83,"799,030",$263.30,$264.71,$262.4525
01/16/2025,$261.58,"622,323",$262.16,$262.87,$260.94
01/15/2025,$261.79,"1,026,634",$260.61,$261.9799,$259.871
01/14/2025,$253.50,"1,250,736",$253.63,$254.77,$252.53
01/13/2025,$249.53,"807,938",$247.88,$249.66,$247.42
01/10/2025,$251.53,"984,844",$253.25,$253.82,$250.11
01/08/2025,$253.49,"1,349,417",$250.97,$253.85,$250.58
01/07/2025,$249.51,"978,881",$253.43,$253.45,$248.69
01/06/2025,$247.05,"1,171,044",$245.20,$248.84,$244.41
01/03/2025,$241.40,"746,547",$241.99,$243.64,$240.69
01/02/2025,$243.12,"839,235",$245.34,$246.23,$241.9028
12/31/2024,$246.21,"522,594",$248.83,$250.30,$245.91
12/30/2024,$248.83,"572,437",$246.88,$250.16,$245.32
12/27/2024,$250.15,"1,384,302",$249.96,$250.48,$248.19
12/26/2024,$253.51,"721,494",$253.01,$254.5405,$252.22
12/24/2024,$253.64,"722,193",$248.47,$254.09,$248.37
12/23/2024,$248.86,"980,231",$246.57,$249.51,$244.7201
12/20/2024,$247.90,"1,647,601",$243.79,$250.28,$243.19
12/19/2024,$245.69,"1,499,314",$247.43,$248.17,$244.9201
12/18/2024,$244.45,"968,960",$252.62,$253.50,$244.37
12/17/2024,$250.97,"1,118,979",$252.04,$252.23,$250.52
12/16/2024,$252.96,"1,033,947",$252.61,$253.99,$252.00
12/13/2024,$253.30,"664,721",$253.17,$253.95,$251.5327
12/12/2024,$253.63,"965,484",$251.03,$254.70,$250.62
12/11/2024,$249.53,"1,138,381",$246.41,$250.98,$246.275
12/10/2024,$251.33,"532,514",$253.58,$254.36,$251.30
12/09/2024,$252.54,"728,040",$254.20,$254.83,$251.86
12/06/2024,$254.14,"843,545",$254.61,$256.13,$253.725
12/05/2024,$255.54,"825,278",$255.29,$256.13,$253.82
12/04/2024,$253.61,"895,022",$249.59,$254.72,$248.70
12/03/2024,$243.90,"788,583",$242.31,$245.02,$242.00
12/02/2024,$241.59,"799,570",$239.72,$242.24,$238.23
11/29/2024,$237.60,"420,898",$234.38,$237.93,$234.06
11/27/2024,$232.02,"961,865",$232.46,$233.228,$231.55
11/26/2024,$235.06,"804,861",$234.41,$235.135,$233.33
11/25/2024,$233.81,"616,801",$237.17,$237.23,$233.26
11/22/2024,$236.25,"750,754",$235.74,$236.76,$234.255
11/21/2024,$236.03,"947,160",$234.54,$236.65,$233.26
11/20/2024,$235.02,"603,955",$234.11,$235.03,$231.29
11/19/2024,$233.20,"614,153",$229.99,$233.69,$229.72
11/18/2024,$231.30,"611,056",$229.70,$231.57,$229.26
11/15/2024,$228.31,"824,373",$228.90,$229.37,$227.52
11/14/2024,$231.40,"831,687",$232.13,$234.24,$231.275
11/13/2024,$230.00,"1,488,511",$231.60,$232.78,$228.43
11/12/2024,$234.47,"888,077",$235.89,$236.615,$233.14
11/11/2024,$235.86,"856,107",$237.40,$237.57,$234.62
11/08/2024,$237.56,"706,553",$239.14,$239.23,$236.74
11/07/2024,$240.19,"839,816",$236.74,$240.372,$236.69
11/06/2024,$231.30,"1,821,838",$229.88,$231.63,$228.26
11/05/2024,$235.90,"836,254",$234.08,$236.20,$234.02
11/04/2024,$232.83,"416,676",$233.04,$233.45,$231.675
11/01/2024,$233.11,"745,743",$234.80,$235.56,$233.11
10/31/2024,$233.64,"890,508",$235.95,$235.95,$231.45
10/30/2024,$237.35,"820,826",$238.70,$240.5599,$237.19
10/29/2024,$242.31,"802,330",$240.50,$243.01,$240.00
10/28/2024,$240.28,"874,605",$240.82,$240.99,$239.73
10/25/2024,$237.69,"741,545",$238.89,$240.08,$237.445
10/24/2024,$238.30,"1,369,560",$237.20,$238.48,$236.32
10/23/2024,$234.59,"1,099,303",$235.12,$236.81,$234.085
10/22/2024,$232.32,"2,155,042",$236.41,$237.72,$231.0903
10/21/2024,$229.48,"1,525,483",$229.87,$230.84,$228.12
10/18/2024,$230.44,"654,181",$229.70,$231.60,$229.39
10/17/2024,$228.84,"576,378",$229.71,$229.97,$227.68
10/16/2024,$229.44,"917,466",$230.08,$230.25,$228.49
10/15/2024,$229.52,"1,066,860",$231.66,$231.86,$227.825
10/14/2024,$231.80,"678,988",$230.27,$232.23,$230.179
10/11/2024,$228.15,"553,546",$226.18,$228.63,$225.67
10/10/2024,$224.77,"685,919",$224.89,$225.4999,$223.70
10/09/2024,$228.90,"762,731",$225.58,$228.91,$225.54
10/08/2024,$226.63,"1,102,771",$223.76,$226.79,$223.26
10/07/2024,$218.13,"803,217",$220.41,$220.69,$217.515
10/04/2024,$220.88,"955,321",$220.31,$221.04,$219.47
10/03/2024,$220.47,"756,900",$221.53,$221.84,$219.86
10/02/2024,$224.63,"534,746",$223.59,$225.57,$222.33
10/01/2024,$225.81,"731,711",$230.63,$230.67,$224.735
09/30/2024,$229.10,"488,481",$229.60,$229.89,$227.2824
09/27/2024,$228.00,"618,074",$228.64,$229.68,$227.73
09/26/2024,$228.11,"1,056,964",$229.64,$229.64,$226.66
09/25/2024,$223.29,"1,305,230",$224.96,$225.92,$223.29
09/24/2024,$230.93,"572,979",$229.92,$231.13,$228.26
09/23/2024,$230.44,"374,910",$230.47,$230.85,$229.77
09/20/2024,$228.81,"577,778",$229.18,$229.28,$227.01
09/19/2024,$228.97,"784,407",$229.14,$230.19,$228.2712
09/18/2024,$221.88,"590,989",$222.46,$224.05,$221.15
09/17/2024,$222.06,"621,758",$223.26,$223.51,$221.3423
09/16/2024,$223.60,"645,964",$223.52,$223.90,$222.3001
09/13/2024,$221.28,"549,122",$221.20,$222.65,$220.73
09/12/2024,$221.01,"562,658",$218.46,$221.18,$217.88
09/11/2024,$217.62,"732,711",$214.82,$217.93,$212.11
09/10/2024,$213.92,"1,422,087",$213.395,$214.56,$210.805
09/09/2024,$213.98,"836,033",$212.08,$214.535,$211.66
09/06/2024,$211.33,"682,395",$214.31,$214.81,$210.38
09/05/2024,$212.60,"1,305,020",$212.51,$214.19,$211.92
09/04/2024,$215.43,"586,936",$213.74,$216.22,$213.41
09/03/2024,$216.49,"779,674",$220.34,$220.525,$215.52
08/30/2024,$219.71,"355,957",$218.85,$219.85,$217.59
08/29/2024,$218.78,"736,358",$219.45,$221.24,$218.25
08/28/2024,$216.93,"642,894",$218.63,$219.04,$216.59
08/27/2024,$217.83,"1,007,363",$216.55,$218.655,$216.38
08/26/2024,$215.86,"1,566,563",$217.41,$217.79,$215.86
08/23/2024,$219.15,"1,285,335",$218.03,$220.13,$217.46
08/22/2024,$217.25,"1,449,649",$219.68,$220.10,$217.15
08/21/2024,$218.87,"471,821",$218.82,$219.50,$217.80
08/20/2024,$217.77,"567,976",$219.18,$220.12,$217.13
08/19/2024,$219.04,"558,677",$216.16,$219.06,$215.895
08/16/2024,$216.17,"546,550",$215.63,$217.1025,$215.16
08/15/2024,$214.94,"543,243",$213.48,$215.515,$213.44
08/14/2024,$212.55,"710,997",$211.97,$212.785,$210.83
08/13/2024,$211.02,"413,220",$208.46,$211.36,$208.24
08/12/2024,$205.98,"521,247",$207.08,$207.80,$205.51
08/09/2024,$208.53,"593,303",$205.755,$208.99,$205.755
08/08/2024,$206.28,"1,038,268",$203.09,$206.95,$201.71
08/07/2024,$201.59,"715,138",$203.88,$205.91,$201.36
08/06/2024,$201.73,"898,754",$201.29,$204.55,$201.03
08/05/2024,$199.03,"1,473,943",$195.10,$200.78,$194.93
08/02/2024,$204.72,"1,144,568",$204.08,$204.99,$202.67
08/01/2024,$205.56,"681,867",$208.69,$211.09,$204.35
07/31/2024,$211.60,"491,452",$210.71,$212.435,$209.70
07/30/2024,$206.76,"1,045,553",$207.79,$208.68,$206.37
07/29/2024,$209.20,"1,005,314",$211.27,$211.85,$208.69
07/26/2024,$213.45,"688,337",$211.71,$214.05,$210.91
07/25/2024,$210.81,"1,378,093",$210.28,$213.77,$208.90
07/24/2024,$209.40,"1,380,749",$211.85,$212.33,$208.97
07/23/2024,$214.76,"2,594,221",$212.56,$214.94,$211.00
07/22/2024,$200.47,"1,058,545",$199.23,$201.30,$199.04
07/19/2024,$197.21,"699,570",$196.76,$198.62,$196.655
07/18/2024,$197.23,"795,766",$200.63,$200.77,$196.14
07/17/2024,$200.01,"790,531",$201.51,$202.16,$199.17
07/16/2024,$204.87,"425,757",$204.49,$204.91,$203.50
07/15/2024,$203.51,"493,669",$205.33,$205.71,$203.25
07/12/2024,$205.11,"635,298",$202.88,$206.34,$202.47
07/11/2024,$201.73,"612,985",$203.77,$204.135,$201.37
07/10/2024,$202.29,"465,931",$201.27,$202.415,$200.59
07/09/2024,$200.28,"654,171",$202.65,$202.65,$199.585
07/08/2024,$202.79,"544,975",$205.65,$205.73,$202.46
07/05/2024,$205.94,"552,350",$205.71,$206.08,$203.73
07/03/2024,$203.02,"471,633",$201.16,$203.25,$201.11
07/02/2024,$198.58,"596,360",$197.68,$199.33,$197.5469
07/01/2024,$199.42,"753,359",$200.54,$200.84,$198.58
06/28/2024,$201.71,"843,472",$201.76,$204.332,$200.89
06/27/2024,$200.75,"763,223",$199.67,$201.4499,$199.6121
06/26/2024,$198.59,"1,205,798",$197.33,$199.34,$197.04
06/25/2024,$195.74,"696,221",$193.01,$195.79,$192.41
06/24/2024,$191.69,"709,854",$192.14,$193.33,$191.59
06/21/2024,$194.16,"650,838",$192.88,$194.30,$192.01
06/20/2024,$191.47,"1,168,790",$190.49,$193.44,$190.21
06/18/2024,$188.62,"681,623",$188.80,$189.8212,$188.45
06/17/2024,$190.02,"1,070,256",$188.71,$190.409,$188.17
06/14/2024,$187.82,"1,359,746",$188.16,$188.69,$186.50
06/13/2024,$192.42,"909,625",$195.10,$195.52,$190.33
06/12/2024,$197.20,"1,325,123",$195.17,$197.4311,$194.90
06/11/2024,$188.74,"1,006,310",$187.19,$189.55,$186.40
06/10/2024,$190.24,"456,357",$188.83,$190.515,$188.755
06/07/2024,$191.10,"512,919",$191.73,$192.33,$190.91
06/06/2024,$193.04,"852,121",$194.31,$194.47,$192.70
06/05/2024,$188.75,"697,672",$186.17,$188.78,$185.37
06/04/2024,$184.22,"470,463",$184.00,$184.99,$183.23
06/03/2024,$184.24,"755,011",$183.90,$184.40,$181.8401
05/31/2024,$182.44,"848,719",$181.98,$182.6499,$179.4311
05/30/2024,$180.25,"1,950,765",$185.25,$185.53,$179.76
05/29/2024,$190.37,"747,464",$189.96,$191.14,$189.74
05/28/2024,$192.52,"794,943",$193.91,$194.04,$191.67
05/24/2024,$195.38,"651,789",$194.62,$195.64,$193.26
05/23/2024,$195.02,"844,081",$196.75,$196.9875,$193.9701
05/22/2024,$193.91,"540,824",$194.00,$195.08,$193.63
05/21/2024,$194.72,"843,010",$195.19,$195.81,$194.59
05/20/2024,$195.30,"701,764",$194.14,$195.75,$193.85
05/17/2024,$192.80,"570,039",$191.12,$193.09,$190.80
05/16/2024,$190.67,"855,457",$192.55,$192.91,$190.64
05/15/2024,$192.44,"528,353",$189.98,$192.45,$189.84
05/14/2024,$189.70,"495,758",$189.15,$189.93,$188.527
05/13/2024,$189.96,"356,188",$190.91,$191.20,$189.705
05/10/2024,$190.05,"541,770",$189.70,$190.69,$189.41
05/09/2024,$191.99,"652,583",$190.41,$192.03,$190.18
05/08/2024,$190.31,"907,600",$188.89,$190.37,$188.64
05/07/2024,$187.54,"483,637",$187.04,$188.305,$186.65
05/06/2024,$185.41,"419,159",$183.99,$185.47,$183.72
05/03/2024,$183.45,"377,178",$183.61,$184.26,$182.83
05/02/2024,$180.64,"731,401",$181.49,$181.64,$179.71
05/01/2024,$180.07,"622,186",$181.70,$183.43,$179.153
04/30/2024,$181.21,"773,268",$182.65,$183.46,$180.92
04/29/2024,$183.77,"477,571",$184.77,$184.85,$183.07
04/26/2024,$186.18,"920,934",$185.69,$186.87,$185.58
04/25/2024,$185.09,"1,557,175",$181.37,$185.27,$180.16
04/24/2024,$188.07,"1,188,988",$188.53,$189.27,$186.61
04/23/2024,$188.01,"1,649,249",$184.83,$188.25,$184.82
04/22/2024,$178.18,"1,062,911",$176.59,$178.99,$176.14
04/19/2024,$175.77,"954,206",$178.21,$178.63,$175.08
04/18/2024,$178.64,"1,502,909",$179.91,$180.83,$178.08
04/17/2024,$179.94,"489,789",$181.76,$181.76,$179.23
04/16/2024,$180.56,"799,423",$181.50,$182.34,$180.13
04/15/2024,$180.23,"529,741",$184.17,$184.45,$180.20
04/12/2024,$180.78,"986,987",$181.59,$182.75,$180.57
04/11/2024,$185.67,"1,037,220",$183.98,$185.97,$181.99
04/10/2024,$184.22,"682,379",$184.88,$185.83,$183.50
04/09/2024,$187.89,"995,403",$189.80,$190.13,$186.71
04/08/2024,$191.63,"519,609",$192.78,$193.46,$191.59
04/05/2024,$191.82,"639,292",$191.41,$193.23,$190.95
04/04/2024,$191.03,"1,249,411",$193.22,$194.02,$191.03
04/03/2024,$193.24,"870,007",$190.96,$193.58,$190.87
04/02/2024,$192.12,"644,920",$192.33,$192.55,$190.33
04/01/2024,$196.03,"554,245",$196.37,$197.02,$195.375
03/28/2024,$195.03,"376,225",$195.49,$196.30,$194.495
03/27/2024,$197.09,"852,713",$199.20,$199.285,$196.28
03/26/2024,$196.66,"557,011",$197.68,$198.56,$196.58
03/25/2024,$195.28,"419,485",$195.15,$196.24,$194.78
03/22/2024,$195.35,"533,334",$194.52,$195.9512,$193.72
03/21/2024,$194.81,"617,682",$192.40,$196.605,$192.07
03/20/2024,$190.38,"412,579",$188.77,$190.54,$188.05
03/19/2024,$188.71,"442,609",$187.68,$188.745,$187.10
03/18/2024,$186.77,"684,500",$188.60,$189.04,$186.57
03/15/2024,$188.31,"756,545",$188.72,$188.85,$187.195
03/14/2024,$190.45,"658,958",$191.96,$192.515,$189.50
03/13/2024,$192.51,"676,501",$192.88,$193.03,$191.35
03/12/2024,$193.83,"668,167",$191.30,$193.93,$190.67
03/11/2024,$189.83,"1,213,558",$188.52,$190.10,$188.37
03/08/2024,$192.99,"647,394",$194.25,$194.82,$192.39
03/07/2024,$195.57,"961,447",$193.25,$195.99,$193.12
03/06/2024,$190.68,"599,608",$190.20,$191.775,$189.96
03/05/2024,$187.46,"816,137",$191.23,$191.34,$186.59
03/04/2024,$190.82,"659,303",$189.36,$191.33,$189.18
03/01/2024,$188.53,"641,329",$187.03,$188.57,$186.81
02/29/2024,$187.87,"591,737",$187.34,$188.20,$186.13
02/28/2024,$186.67,"533,617",$186.99,$187.09,$186.09
02/27/2024,$189.17,"786,956",$188.44,$189.83,$188.05
02/26/2024,$187.51,"611,990",$187.84,$188.14,$187.29
02/23/2024,$184.22,"731,190",$183.50,$184.455,$183.18
02/22/2024,$181.69,"573,375",$180.33,$181.70,$180.21
02/21/2024,$175.92,"494,712",$175.36,$176.05,$174.88
02/20/2024,$176.60,"471,800",$177.08,$177.62,$175.71
02/16/2024,$176.91,"456,640",$176.62,$178.09,$175.96
02/15/2024,$177.60,"581,056",$177.26,$177.63,$176.37
02/14/2024,$177.47,"583,640",$175.87,$177.51,$175.83
02/13/2024,$173.98,"1,023,596",$173.25,$174.60,$173.09
02/12/2024,$179.39,"607,302",$179.89,$180.83,$179.085
02/09/2024,$181.55,"446,953",$181.66,$181.935,$180.845
02/08/2024,$181.16,"557,988",$180.50,$181.18,$180.26
02/07/2024,$181.18,"619,881",$180.07,$181.57,$179.94
02/06/2024,$178.79,"602,302",$179.17,$179.425,$178.047
02/05/2024,$177.04,"660,972",$176.28,$177.49,$175.84
02/02/2024,$177.06,"851,528",$176.50,$177.545,$175.65
02/01/2024,$177.22,"601,590",$175.11,$177.32,$174.95
01/31/2024,$173.10,"685,907",$175.64,$176.08,$173.05
01/30/2024,$175.73,"631,615",$176.40,$176.60,$175.25
01/29/2024,$176.34,"642,023",$174.16,$176.45,$173.94
01/26/2024,$173.68,"1,070,480",$173.31,$174.12,$173.045
01/25/2024,$173.44,"1,773,740",$175.95,$175.97,$172.325
01/24/2024,$174.61,"2,737,603",$174.55,$176.39,$173.26
01/23/2024,$163.38,"1,157,120",$161.19,$163.39,$161.07
01/22/2024,$163.21,"762,664",$162.88,$163.73,$162.69
01/19/2024,$163.45,"763,778",$161.18,$163.72,$161.13
01/18/2024,$160.43,"967,139",$159.01,$160.525,$158.94
01/17/2024,$157.78,"615,754",$156.82,$157.905,$155.82
01/16/2024,$156.82,"523,758",$156.78,$157.45,$156.28
01/12/2024,$158.54,"603,927",$157.98,$158.93,$157.67
01/11/2024,$156.51,"484,700",$156.65,$157.255,$154.96
01/10/2024,$155.84,"961,834",$154.84,$156.26,$154.24
01/09/2024,$152.15,"466,594",$151.16,$152.45,$151.16
01/08/2024,$152.56,"606,285",$151.43,$152.69,$151.36
01/05/2024,$149.85,"576,290",$149.47,$151.09,$149.445
01/04/2024,$148.52,"905,709",$149.54,$149.75,$148.38
01/03/2024,$149.79,"945,412",$150.00,$150.47,$149.4346
01/02/2024,$150.21,"918,351",$151.17,$151.28,$149.73
12/29/2023,$154.59,"432,252",$154.00,$155.06,$154.00
12/28/2023,$154.33,"1,295,536",$155.14,$155.56,$154.33
12/27/2023,$155.90,"911,615",$154.86,$156.00,$154.825
12/26/2023,$153.18,"279,751",$152.52,$153.44,$152.52
12/22/2023,$152.70,"448,398",$152.03,$152.89,$151.87
12/21/2023,$152.18,"759,445",$151.32,$152.21,$150.84
12/20/2023,$151.14,"901,881",$153.45,$153.66,$150.88
12/19/2023,$155.08,"1,018,655",$155.08,$155.515,$151.00
12/18/2023,$154.90,"933,339",$154.48,$155.13,$153.645
12/15/2023,$153.50,"1,251,227",$154.40,$154.77,$153.20
12/14/2023,$156.01,"1,090,317",$156.68,$157.15,$155.1304
12/13/2023,$159.77,"859,836",$158.48,$159.84,$157.44
12/12/2023,$158.26,"736,404",$157.79,$159.18,$157.79
12/11/2023,$159.13,"1,078,737",$156.51,$159.18,$156.51
12/08/2023,$160.16,"685,374",$158.35,$160.225,$158.24
12/07/2023,$159.34,"634,988",$158.58,$159.47,$158.29
12/06/2023,$158.10,"588,937",$159.83,$159.94,$158.06
12/05/2023,$159.36,"566,875",$158.46,$159.435,$158.26
12/04/2023,$159.27,"670,275",$158.77,$159.495,$157.90
12/01/2023,$160.09,"810,864",$158.39,$160.355,$158.15
11/30/2023,$159.12,"920,360",$159.15,$159.37,$157.97
11/29/2023,$158.63,"584,604",$158.28,$159.08,$158.05
11/28/2023,$156.30,"583,906",$155.50,$156.72,$155.37
11/27/2023,$154.94,"719,879",$154.56,$155.31,$154.44
11/24/2023,$154.19,"276,083",$154.27,$154.53,$153.90
11/22/2023,$153.16,"1,184,061",$154.31,$154.48,$153.015
11/21/2023,$152.50,"697,833",$153.10,$153.56,$152.23
11/20/2023,$153.30,"750,709",$152.54,$153.48,$152.48
11/17/2023,$149.95,"439,884",$149.30,$150.09,$148.94
11/16/2023,$148.59,"835,407",$148.68,$149.66,$148.10
11/15/2023,$148.52,"902,614",$148.16,$149.14,$147.60
11/14/2023,$147.66,"693,703",$148.09,$148.25,$146.985
11/13/2023,$145.03,"400,151",$143.90,$145.10,$143.715
11/10/2023,$145.10,"609,307",$143.31,$145.15,$143.01
11/09/2023,$142.45,"711,535",$143.05,$144.315,$142.3901
11/08/2023,$142.17,"662,750",$141.71,$142.64,$141.71
11/07/2023,$140.66,"461,671",$140.09,$141.465,$139.76
11/06/2023,$138.55,"488,777",$138.44,$138.785,$137.77
11/03/2023,$138.98,"764,866",$138.74,$139.44,$138.14
11/02/2023,$138.58,"711,956",$138.87,$139.18,$137.98
11/01/2023,$136.08,"618,093",$134.24,$136.09,$134.18
10/31/2023,$134.00,"758,458",$133.84,$134.42,$133.46
10/30/2023,$133.65,"878,446",$132.77,$134.09,$132.33
10/27/2023,$131.39,"690,357",$132.57,$132.96,$131.0295
10/26/2023,$131.22,"1,082,876",$131.95,$132.43,$130.63
10/25/2023,$130.71,"840,729",$132.49,$132.89,$130.675
10/24/2023,$133.67,"675,732",$132.97,$133.825,$132.59
10/23/2023,$132.20,"732,618",$131.15,$132.83,$130.08
10/20/2023,$130.70,"1,355,983",$132.67,$132.99,$130.65
10/19/2023,$133.38,"2,078,630",$134.42,$135.80,$133.14
10/18/2023,$127.61,"1,782,942",$128.23,$129.12,$127.30
10/17/2023,$130.49,"1,112,757",$128.80,$131.03,$128.43
10/16/2023,$130.70,"1,988,372",$129.30,$130.87,$128.98
10/13/2023,$128.79,"1,352,403",$130.70,$130.80,$127.80
10/12/2023,$131.66,"1,034,043",$132.54,$133.18,$131.27
10/11/2023,$132.39,"995,189",$131.70,$132.57,$131.47
10/10/2023,$131.20,"1,052,627",$131.03,$131.77,$130.57
10/09/2023,$129.91,"1,507,585",$129.00,$129.94,$128.405
10/06/2023,$130.92,"1,055,081",$128.73,$131.47,$128.15
10/05/2023,$129.56,"816,883",$128.83,$129.59,$128.105
10/04/2023,$128.93,"529,075",$128.75,$129.44,$127.49
10/03/2023,$127.94,"654,809",$128.38,$128.83,$127.3392
10/02/2023,$128.56,"651,488",$129.24,$129.59,$127.84
09/29/2023,$129.32,"855,284",$131.12,$131.23,$128.89
09/28/2023,$127.95,"1,486,248",$127.20,$128.8394,$126.745
09/27/2023,$127.68,"739,759",$128.27,$128.51,$126.8701
09/26/2023,$127.18,"1,159,910",$128.86,$129.84,$126.93
09/25/2023,$131.95,"576,044",$131.70,$132.14,$131.22
09/22/2023,$132.65,"746,636",$132.26,$133.49,$131.99
09/21/2023,$131.16,"1,481,789",$132.94,$133.46,$131.06
09/20/2023,$133.53,"632,088",$134.39,$135.05,$133.53
09/19/2023,$134.70,"652,379",$134.52,$135.115,$133.94
09/18/2023,$135.24,"536,232",$134.42,$135.69,$134.42
09/15/2023,$135.24,"770,390",$135.75,$136.245,$135.015
09/14/2023,$135.99,"785,287",$135.63,$136.27,$135.02
09/13/2023,$135.75,"590,420",$135.60,$136.26,$134.93
09/12/2023,$135.25,"975,471",$135.15,$136.30,$135.02
09/11/2023,$139.17,"678,610",$139.12,$139.23,$138.025
09/08/2023,$140.46,"574,281",$140.29,$141.38,$140.29
09/07/2023,$139.95,"623,916",$139.34,$140.10,$138.81
09/06/2023,$138.74,"550,031",$138.29,$138.80,$137.65
09/05/2023,$137.67,"443,320",$137.81,$138.13,$137.13
09/01/2023,$138.19,"533,706",$140.52,$140.62,$137.86
08/31/2023,$139.69,"557,197",$140.69,$141.34,$139.48
08/30/2023,$140.64,"374,348",$140.18,$141.175,$140.18
08/29/2023,$140.05,"403,149",$137.55,$140.14,$137.55
08/28/2023,$138.34,"556,656",$137.94,$138.72,$137.56
08/25/2023,$137.46,"793,345",$136.91,$137.98,$135.39
08/24/2023,$135.58,"837,029",$138.82,$138.86,$135.46
08/23/2023,$140.14,"680,738",$138.48,$140.55,$138.48
08/22/2023,$138.47,"629,663",$138.84,$138.98,$138.025
08/21/2023,$136.71,"563,000",$136.09,$136.96,$135.52
08/18/2023,$135.36,"1,050,759",$133.98,$135.66,$133.64
08/17/2023,$134.34,"1,063,334",$136.48,$136.69,$134.14
08/16/2023,$137.42,"710,845",$138.32,$139.0901,$137.34
08/15/2023,$137.69,"808,632",$138.08,$138.60,$137.41
08/14/2023,$138.95,"662,762",$137.77,$139.00,$137.57
08/11/2023,$137.65,"1,340,085",$136.97,$137.73,$136.57
08/10/2023,$137.89,"1,222,269",$137.97,$139.51,$137.55
08/09/2023,$135.52,"1,402,884",$134.74,$136.22,$134.55
08/08/2023,$134.63,"1,218,575",$133.55,$134.80,$133.18
08/07/2023,$135.80,"594,809",$135.52,$135.87,$134.47
08/04/2023,$132.96,"645,586",$133.05,$134.51,$132.51
08/03/2023,$132.20,"463,370",$132.21,$132.78,$131.91
08/02/2023,$133.21,"829,516",$135.17,$135.18,$132.79
08/01/2023,$136.39,"807,374",$136.32,$136.69,$135.72
07/31/2023,$136.35,"828,453",$137.27,$137.70,$136.30
07/28/2023,$136.81,"1,022,934",$135.83,$136.84,$135.40
07/27/2023,$134.07,"909,771",$135.44,$136.26,$133.98
07/26/2023,$132.34,"840,972",$131.45,$132.59,$131.11
07/25/2023,$132.61,"996,821",$132.11,$133.02,$131.83
07/24/2023,$132.39,"1,096,518",$133.52,$133.555,$132.23
07/21/2023,$134.02,"1,909,536",$135.75,$136.135,$133.82
07/20/2023,$133.93,"2,770,070",$140.86,$141.51,$133.04
07/19/2023,$143.00,"1,121,170",$143.63,$144.3392,$142.3825
07/18/2023,$144.91,"927,982",$144.38,$145.00,$143.25
07/17/2023,$144.99,"1,143,055",$142.86,$145.10,$142.7705
07/14/2023,$144.35,"762,763",$144.04,$144.90,$144.04
07/13/2023,$143.96,"1,576,377",$142.40,$144.16,$142.34
07/12/2023,$140.58,"1,524,836",$138.69,$140.79,$138.08
07/11/2023,$136.32,"1,114,189",$135.29,$136.44,$134.91
07/10/2023,$134.88,"1,067,629",$133.39,$135.04,$133.37
07/07/2023,$133.26,"1,029,284",$132.77,$134.00,$132.60
07/06/2023,$132.43,"817,501",$132.83,$132.92,$131.49
07/05/2023,$134.40,"1,265,067",$133.70,$134.48,$133.47
07/03/2023,$134.55,"612,203",$135.67,$135.89,$133.86
06/30/2023,$136.81,"1,073,351",$135.46,$137.15,$135.3201
06/29/2023,$134.43,"454,369",$134.30,$134.43,$133.54
06/28/2023,$134.27,"679,732",$133.75,$134.97,$133.70
06/27/2023,$133.01,"682,642",$132.49,$133.20,$132.01
06/26/2023,$132.43,"474,182",$133.10,$133.209,$132.25
06/23/2023,$133.47,"477,891",$133.70,$134.12,$133.275
06/22/2023,$135.11,"697,718",$134.38,$135.42,$134.30
06/21/2023,$134.79,"824,534",$135.57,$135.68,$134.38
06/20/2023,$136.01,"686,248",$136.06,$136.8307,$135.48
06/16/2023,$137.28,"983,348",$139.045,$139.25,$137.19
06/15/2023,$137.04,"688,508",$134.92,$137.06,$134.62
06/14/2023,$135.56,"505,925",$134.64,$136.36,$134.47
06/13/2023,$135.29,"766,587",$134.66,$135.84,$134.03
06/12/2023,$133.77,"1,084,361",$131.96,$133.94,$131.74
06/09/2023,$132.72,"499,275",$132.95,$133.60,$132.05
06/08/2023,$133.21,"417,128",$132.01,$133.29,$131.96
06/07/2023,$131.70,"805,188",$132.75,$133.26,$131.48
06/06/2023,$131.84,"551,921",$132.16,$132.24,$131.52
06/05/2023,$131.50,"515,140",$132.30,$132.33,$131.26
06/02/2023,$132.97,"532,516",$133.26,$133.53,$132.51
06/01/2023,$132.17,"783,437",$131.15,$132.37,$130.62
05/31/2023,$130.44,"1,324,959",$130.48,$130.87,$129.15
05/30/2023,$130.24,"729,130",$131.91,$132.07,$130.12
05/26/2023,$131.41,"832,101",$130.13,$131.63,$130.04
05/25/2023,$129.44,"1,352,206",$129.80,$129.825,$128.84
05/24/2023,$129.21,"717,260",$129.63,$129.63,$128.77
05/23/2023,$129.83,"1,170,754",$132.53,$132.81,$129.71
05/22/2023,$133.29,"693,541",$133.47,$133.93,$133.265
05/19/2023,$134.28,"696,744",$134.58,$135.12,$134.28
05/18/2023,$133.90,"954,724",$133.40,$134.15,$133.11
05/17/2023,$132.62,"995,657",$133.40,$133.58,$131.64
05/16/2023,$133.16,"2,325,289",$131.32,$133.89,$131.21
05/15/2023,$131.30,"1,864,721",$130.36,$134.05,$130.10
05/12/2023,$131.58,"655,466",$131.79,$132.0166,$131.29
05/11/2023,$133.69,"756,944",$134.07,$134.13,$132.81
05/10/2023,$134.83,"733,645",$134.84,$135.41,$133.85
05/09/2023,$134.68,"674,757",$133.96,$135.1018,$133.84
05/08/2023,$135.78,"718,470",$136.06,$136.20,$135.22
05/05/2023,$134.76,"623,760",$134.13,$135.00,$134.00
05/04/2023,$134.09,"692,458",$133.86,$134.64,$133.435
05/03/2023,$135.78,"1,414,814",$136.08,$137.32,$135.28
05/02/2023,$134.36,"867,613",$133.61,$134.50,$133.49
05/01/2023,$134.48,"467,224",$135.57,$135.57,$134.44
04/28/2023,$135.27,"746,813",$135.34,$135.71,$134.83
04/27/2023,$136.65,"967,528",$135.79,$136.85,$135.01
04/26/2023,$133.35,"1,346,549",$135.61,$135.61,$133.12
04/25/2023,$133.43,"1,427,161",$134.46,$135.67,$133.41
04/24/2023,$132.54,"1,406,605",$132.89,$133.74,$131.9213
04/21/2023,$133.95,"2,742,855",$132.13,$134.64,$131.80
04/20/2023,$126.86,"1,512,413",$126.93,$127.72,$126.40
04/19/2023,$127.30,"1,512,202",$127.67,$127.77,$127.06
04/18/2023,$127.64,"1,417,059",$128.13,$128.30,$127.35
04/17/2023,$127.20,"1,387,851",$127.75,$127.95,$126.67
04/14/2023,$127.42,"980,031",$127.72,$128.17,$126.70
04/13/2023,$128.05,"1,132,137",$127.06,$128.49,$127.06
04/12/2023,$127.11,"1,318,428",$127.59,$128.115,$126.79
04/11/2023,$126.54,"1,146,772",$126.69,$127.05,$126.345
04/10/2023,$127.45,"604,419",$127.60,$127.60,$125.80
04/06/2023,$128.71,"989,476",$128.00,$128.88,$127.20
04/05/2023,$126.74,"665,587",$128.01,$128.23,$126.28
04/04/2023,$127.81,"788,170",$126.95,$127.86,$126.91
04/03/2023,$126.32,"876,270",$126.18,$126.425,$125.57
03/31/2023,$126.55,"668,203",$125.84,$126.77,$125.73
03/30/2023,$126.07,"745,979",$125.51,$126.07,$125.11
03/29/2023,$124.32,"915,953",$123.58,$124.56,$123.54
03/28/2023,$123.47,"631,351",$123.55,$123.65,$122.74
03/27/2023,$123.25,"571,071",$123.85,$124.3899,$122.9875
03/24/2023,$123.29,"907,143",$123.11,$123.54,$122.03
03/23/2023,$123.74,"599,534",$124.04,$125.28,$123.05
03/22/2023,$122.24,"480,554",$122.82,$124.47,$122.22
03/21/2023,$123.48,"594,223",$122.43,$123.61,$122.12
03/20/2023,$121.38,"771,660",$121.34,$121.48,$120.52
03/17/2023,$119.22,"1,040,263",$119.07,$120.22,$118.09
03/16/2023,$120.30,"1,054,054",$116.38,$120.40,$116.21
03/15/2023,$115.60,"1,111,311",$114.34,$115.70,$113.70
03/14/2023,$118.12,"861,994",$118.07,$118.49,$117.15
03/13/2023,$115.03,"1,144,659",$114.31,$115.81,$113.64
03/10/2023,$115.46,"1,005,261",$117.97,$118.015,$115.23
03/09/2023,$115.99,"691,873",$117.40,$118.50,$115.95
03/08/2023,$117.41,"730,066",$116.72,$117.55,$116.20
03/07/2023,$116.89,"469,634",$118.86,$118.94,$116.60
03/06/2023,$119.73,"953,744",$119.50,$120.21,$119.04
03/03/2023,$116.90,"694,527",$115.86,$116.965,$115.78
03/02/2023,$114.53,"664,916",$113.05,$114.6425,$113.00
03/01/2023,$114.23,"848,854",$115.12,$115.12,$113.40
02/28/2023,$113.82,"693,494",$114.07,$114.84,$113.76
02/27/2023,$115.13,"579,932",$115.18,$115.54,$114.74
02/24/2023,$113.18,"991,723",$113.96,$114.36,$112.57
02/23/2023,$116.01,"784,533",$116.31,$116.77,$114.86
02/22/2023,$115.26,"510,583",$115.53,$115.89,$114.79
02/21/2023,$114.78,"867,009",$115.16,$115.76,$114.72
02/17/2023,$117.35,"411,030",$116.51,$117.44,$116.1728
02/16/2023,$117.96,"505,005",$117.58,$118.62,$117.12
02/15/2023,$119.27,"669,453",$117.80,$119.31,$117.73
02/14/2023,$118.76,"616,018",$117.99,$119.64,$117.635
02/13/2023,$118.48,"374,226",$117.53,$118.51,$117.45
02/10/2023,$117.35,"661,962",$117.55,$117.85,$116.80
02/09/2023,$118.70,"635,978",$120.53,$120.64,$118.18
02/08/2023,$118.61,"872,221",$118.64,$119.51,$118.22
02/07/2023,$119.84,"538,364",$118.11,$120.185,$117.82
02/06/2023,$119.72,"519,551",$119.95,$120.29,$119.345
02/03/2023,$120.63,"1,098,469",$120.18,$121.91,$120.09
02/02/2023,$122.97,"866,463",$122.71,$123.275,$122.19
02/01/2023,$121.03,"853,971",$119.37,$121.42,$118.30
01/31/2023,$118.53,"1,270,407",$116.63,$118.57,$116.57
01/30/2023,$116.09,"1,587,784",$116.51,$117.06,$115.71
01/27/2023,$113.21,"957,898",$112.55,$114.02,$112.25
01/26/2023,$114.10,"1,869,697",$112.75,$114.69,$112.30
01/25/2023,$116.16,"1,310,862",$115.42,$116.519,$114.51
01/24/2023,$116.19,"1,022,067",$116.04,$116.57,$115.79
01/23/2023,$116.71,"1,059,925",$115.64,$117.02,$115.595
01/20/2023,$117.12,"728,454",$115.56,$117.15,$115.21
01/19/2023,$115.67,"891,052",$114.85,$116.13,$114.65
01/18/2023,$117.08,"1,394,903",$118.06,$118.80,$116.92
01/17/2023,$116.21,"826,789",$116.22,$117.44,$115.74
01/13/2023,$117.01,"755,604",$115.72,$117.15,$115.71
01/12/2023,$116.68,"1,082,805",$115.31,$116.69,$114.13
01/11/2023,$114.87,"785,947",$114.21,$114.92,$113.99
01/10/2023,$113.42,"1,093,438",$112.31,$113.43,$112.02
01/09/2023,$111.44,"1,481,813",$110.70,$112.88,$110.70
01/06/2023,$109.11,"821,046",$106.58,$109.382,$105.50
01/05/2023,$106.16,"853,435",$107.31,$107.34,$106.00
01/04/2023,$106.89,"819,234",$107.12,$107.17,$105.72
01/03/2023,$103.98,"928,761",$104.04,$105.07,$103.28
12/30/2022,$103.19,"442,585",$102.81,$103.29,$102.36
12/29/2022,$104.11,"546,766",$103.39,$104.35,$103.28
12/28/2022,$101.81,"635,395",$102.87,$103.43,$101.78
12/27/2022,$103.34,"523,535",$103.33,$103.88,$102.77
12/23/2022,$103.50,"760,582",$103.22,$103.7072,$102.66
12/22/2022,$103.98,"981,584",$104.18,$104.23,$102.65
12/21/2022,$104.80,"756,724",$104.81,$105.555,$104.49
12/20/2022,$104.49,"1,162,332",$103.91,$104.54,$103.60
12/19/2022,$104.30,"886,153",$105.37,$105.5006,$103.97
12/16/2022,$105.36,"1,505,621",$104.71,$105.50,$104.11
12/15/2022,$105.58,"928,369",$107.89,$108.0818,$105.35
12/14/2022,$109.71,"707,480",$109.88,$111.00,$109.01
12/13/2022,$109.81,"1,050,870",$112.22,$112.82,$109.31
12/12/2022,$108.36,"951,715",$107.22,$108.38,$107.17
12/09/2022,$107.29,"543,207",$107.47,$108.05,$107.23
12/08/2022,$107.82,"902,639",$107.16,$108.355,$106.55
12/07/2022,$107.87,"1,010,535",$107.49,$108.06,$106.75
12/06/2022,$107.77,"870,997",$109.49,$109.49,$107.28
12/05/2022,$110.27,"661,183",$110.76,$111.25,$109.945
12/02/2022,$112.03,"906,897",$111.16,$112.49,$110.64
12/01/2022,$112.01,"1,000,860",$111.59,$112.39,$111.02
11/30/2022,$110.87,"1,019,534",$107.92,$110.93,$107.50
11/29/2022,$106.92,"831,317",$107.34,$107.49,$106.39
11/28/2022,$108.00,"808,837",$109.62,$110.19,$107.80
11/25/2022,$110.65,"411,187",$109.82,$110.66,$109.79
11/23/2022,$109.85,"931,638",$109.06,$110.04,$108.97
11/22/2022,$109.62,"735,501",$108.45,$109.67,$107.984
11/21/2022,$108.50,"889,787",$109.47,$109.85,$108.47
11/18/2022,$108.79,"1,213,963",$109.71,$109.73,$108.25
11/17/2022,$111.82,"2,140,673",$110.50,$112.18,$110.44
11/16/2022,$111.06,"1,226,335",$111.18,$111.43,$109.87
11/15/2022,$109.81,"1,627,550",$110.33,$111.04,$108.08
11/14/2022,$108.83,"1,133,713",$109.10,$109.81,$108.36
11/11/2022,$110.17,"1,997,216",$109.04,$110.55,$108.54
11/10/2022,$107.18,"2,371,170",$103.81,$107.19,$103.56
11/09/2022,$97.55,"947,809",$97.94,$98.62,$97.47
11/08/2022,$97.97,"1,403,750",$97.87,$99.255,$96.74
11/07/2022,$97.57,"1,213,203",$96.95,$97.735,$96.14
11/04/2022,$96.02,"1,221,337",$95.68,$96.18,$94.535
11/03/2022,$92.69,"1,126,704",$93.31,$94.32,$92.67
11/02/2022,$93.97,"1,372,379",$96.66,$97.16,$93.97
11/01/2022,$95.84,"831,339",$97.21,$97.39,$95.17
10/31/2022,$96.06,"986,162",$96.48,$96.89,$96.05
10/28/2022,$97.71,"1,437,980",$96.58,$97.86,$96.55
10/27/2022,$97.44,"1,024,867",$97.73,$98.90,$97.23
10/26/2022,$97.76,"1,991,300",$96.23,$99.14,$96.15
10/25/2022,$96.32,"2,401,430",$96.58,$97.2902,$96.0256
10/24/2022,$91.01,"1,447,806",$90.62,$91.19,$89.19
10/21/2022,$90.88,"1,722,413",$88.44,$90.96,$88.02
10/20/2022,$86.91,"1,103,436",$86.91,$88.46,$86.71
10/19/2022,$86.73,"1,086,425",$87.71,$87.97,$86.295
10/18/2022,$89.02,"1,526,752",$90.22,$90.31,$88.33
10/17/2022,$86.85,"1,362,674",$86.41,$87.53,$86.36
10/14/2022,$84.61,"1,207,758",$86.70,$87.58,$84.515
10/13/2022,$85.15,"1,515,186",$80.98,$85.38,$80.50
10/12/2022,$82.51,"1,115,579",$83.27,$83.89,$82.50
10/11/2022,$83.01,"1,287,302",$83.64,$84.52,$82.77
10/10/2022,$84.05,"1,263,895",$84.46,$84.53,$83.38
10/07/2022,$84.53,"1,140,736",$85.39,$85.52,$84.15
10/06/2022,$86.36,"1,249,734",$86.59,$87.22,$86.17
10/05/2022,$87.18,"1,225,243",$86.19,$87.45,$85.59
10/04/2022,$88.04,"1,626,555",$86.82,$88.35,$86.54
10/03/2022,$83.94,"1,686,660",$82.45,$84.12,$82.03
09/30/2022,$81.25,"1,390,554",$81.46,$82.61,$81.19
09/29/2022,$80.48,"2,137,348",$80.25,$80.56,$79.19
09/28/2022,$81.46,"2,056,967",$79.37,$81.77,$79.01
09/27/2022,$79.12,"2,478,781",$80.48,$80.99,$78.56
09/26/2022,$79.63,"2,899,864",$80.08,$81.09,$79.15
09/23/2022,$79.47,"2,048,244",$79.18,$79.48,$78.22
09/22/2022,$81.37,"1,612,665",$82.04,$82.29,$80.97
09/21/2022,$82.34,"1,162,176",$83.07,$84.01,$82.18
09/20/2022,$82.93,"1,331,540",$82.75,$83.62,$82.3655
09/19/2022,$84.26,"934,906",$82.69,$84.27,$82.68
09/16/2022,$83.94,"1,093,174",$83.00,$84.13,$82.90
09/15/2022,$84.41,"1,332,699",$85.50,$85.99,$84.21
09/14/2022,$86.31,"1,289,053",$85.54,$86.37,$85.15
09/13/2022,$85.86,"1,077,461",$87.01,$87.64,$85.72
09/12/2022,$88.95,"818,856",$88.50,$89.30,$88.375
09/09/2022,$87.07,"649,705",$86.40,$87.28,$86.38
09/08/2022,$85.31,"960,175",$83.69,$85.33,$83.45
09/07/2022,$85.57,"1,992,435",$84.60,$85.79,$84.35
09/06/2022,$84.17,"1,035,899",$84.83,$85.17,$83.80
09/02/2022,$83.27,"1,080,287",$84.84,$85.56,$82.765
09/01/2022,$83.98,"1,300,332",$84.53,$84.69,$82.41
08/31/2022,$85.22,"1,234,497",$85.33,$86.30,$85.07
08/30/2022,$84.52,"734,511",$85.69,$85.87,$84.1043
08/29/2022,$84.58,"959,829",$84.36,$85.05,$84.1435
08/26/2022,$84.24,"1,116,416",$87.85,$87.91,$84.0299
08/25/2022,$88.20,"704,800",$87.34,$88.21,$86.90
08/24/2022,$87.42,"753,047",$87.03,$88.10,$86.8156
08/23/2022,$87.37,"765,406",$87.90,$88.91,$87.29
08/22/2022,$88.43,"916,686",$89.45,$89.51,$88.225
08/19/2022,$91.62,"706,856",$92.35,$92.48,$91.47
08/18/2022,$92.46,"703,646",$92.74,$92.97,$92.11
08/17/2022,$92.95,"746,896",$93.08,$93.58,$92.55
08/16/2022,$94.20,"828,027",$94.19,$94.70,$93.70
08/15/2022,$95.81,"1,193,265",$94.91,$95.90,$94.8401
08/12/2022,$95.95,"674,249",$95.51,$95.99,$95.08
08/11/2022,$95.24,"792,516",$96.19,$96.19,$95.06
08/10/2022,$96.07,"931,934",$96.20,$96.82,$95.71
08/09/2022,$93.76,"643,686",$94.19,$94.29,$93.515
08/08/2022,$94.33,"629,873",$95.02,$95.61,$94.115
08/05/2022,$94.56,"815,230",$93.65,$94.57,$93.42
08/04/2022,$95.29,"876,854",$95.14,$95.335,$94.38
08/03/2022,$93.49,"777,167",$92.26,$93.64,$92.26
08/02/2022,$91.19,"1,076,304",$91.55,$92.12,$91.12
08/01/2022,$93.79,"1,834,735",$93.78,$94.65,$93.38
07/29/2022,$93.21,"763,315",$92.54,$93.35,$92.20
07/28/2022,$91.77,"1,051,762",$90.73,$91.97,$89.81
07/27/2022,$91.31,"1,545,250",$89.60,$91.54,$89.40
07/26/2022,$90.29,"923,963",$90.88,$90.96,$89.865
07/25/2022,$91.97,"1,303,811",$93.00,$93.12,$91.23
07/22/2022,$93.75,"1,907,301",$94.78,$95.80,$93.27
07/21/2022,$90.29,"2,309,793",$87.84,$90.35,$87.32
07/20/2022,$92.33,"1,609,107",$91.77,$92.73,$91.49
07/19/2022,$92.34,"1,548,221",$90.56,$92.42,$90.19
07/18/2022,$88.09,"1,003,143",$88.76,$89.49,$87.86
07/15/2022,$88.00,"1,065,778",$87.00,$88.02,$86.64
07/14/2022,$85.42,"1,142,103",$84.64,$85.79,$83.495
07/13/2022,$85.95,"1,170,170",$84.57,$86.53,$84.48
07/12/2022,$86.35,"1,164,683",$87.85,$88.05,$86.11
07/11/2022,$88.32,"1,008,609",$89.17,$89.34,$88.20
07/08/2022,$90.59,"860,359",$90.08,$91.25,$89.6747
07/07/2022,$90.71,"805,679",$89.88,$90.73,$89.87
07/06/2022,$89.86,"1,459,796",$90.04,$90.39,$88.99
07/05/2022,$89.16,"1,580,538",$87.57,$89.19,$87.32
07/01/2022,$90.70,"1,629,995",$89.77,$90.71,$89.31
06/30/2022,$90.72,"1,805,086",$89.91,$91.25,$88.96
06/29/2022,$93.93,"1,221,362",$94.33,$95.20,$93.77
06/28/2022,$95.47,"1,405,116",$96.56,$97.05,$95.46
06/27/2022,$97.30,"835,710",$97.75,$98.31,$96.87
06/24/2022,$98.41,"1,276,902",$95.79,$98.46,$95.72
06/23/2022,$94.24,"918,964",$93.34,$94.39,$92.79
06/22/2022,$94.00,"915,181",$93.08,$95.25,$92.99
06/21/2022,$94.09,"1,023,219",$94.33,$94.90,$93.99
06/17/2022,$93.00,"1,435,548",$92.67,$93.80,$91.99
06/16/2022,$92.76,"1,466,100",$92.36,$93.06,$91.83
06/15/2022,$93.30,"1,294,403",$92.77,$94.21,$91.42
06/14/2022,$90.37,"1,629,914",$91.72,$91.88,$89.91
06/13/2022,$90.82,"1,837,887",$90.65,$91.77,$90.12
06/10/2022,$94.17,"1,284,294",$95.59,$95.61,$93.66
06/09/2022,$96.79,"940,017",$98.81,$99.45,$96.78
06/08/2022,$99.86,"815,044",$100.57,$101.04,$99.63
06/07/2022,$101.99,"955,931",$100.48,$102.06,$100.30
06/06/2022,$100.86,"740,581",$102.17,$102.40,$100.63
06/03/2022,$100.43,"678,910",$100.59,$101.07,$100.015
06/02/2022,$102.12,"967,709",$99.52,$102.13,$99.33
06/01/2022,$99.33,"1,786,083",$100.94,$101.34,$99.11
05/31/2022,$99.84,"1,459,310",$99.74,$100.3094,$98.74
05/27/2022,$101.15,"1,034,397",$100.01,$101.15,$100.00
05/26/2022,$98.47,"760,854",$97.04,$98.80,$96.95
05/25/2022,$97.32,"1,331,381",$96.61,$98.06,$96.24
05/24/2022,$98.70,"2,749,767",$99.71,$99.95,$97.91
05/23/2022,$99.83,"1,688,505",$98.64,$99.84,$98.23
05/20/2022,$97.43,"2,173,604",$97.34,$97.58,$95.82
05/19/2022,$95.35,"2,220,446",$93.20,$96.40,$93.01
05/18/2022,$93.24,"2,296,695",$97.36,$97.4854,$92.94
05/17/2022,$99.06,"1,174,458",$100.01,$100.06,$97.78
05/16/2022,$97.54,"754,309",$98.15,$98.31,$96.89
05/13/2022,$98.71,"1,214,050",$97.42,$99.03,$97.05
05/12/2022,$96.97,"1,578,481",$95.27,$97.83,$95.00
05/11/2022,$95.59,"1,568,883",$96.50,$98.41,$95.30
05/10/2022,$96.83,"1,520,611",$98.23,$98.44,$96.16
05/09/2022,$95.98,"2,595,378",$95.05,$97.375,$94.79
05/06/2022,$96.14,"1,988,418",$97.22,$97.66,$95.53
05/05/2022,$99.82,"2,176,831",$101.25,$101.44,$98.88
05/04/2022,$102.56,"2,117,725",$99.79,$102.59,$98.58
05/03/2022,$100.00,"1,990,033",$101.07,$101.47,$99.59
05/02/2022,$102.41,"1,658,116",$101.24,$102.415,$100.74
04/29/2022,$100.80,"1,137,201",$103.50,$104.05,$100.67
04/28/2022,$102.71,"1,185,111",$101.00,$103.20,$100.36
04/27/2022,$99.53,"1,589,628",$100.13,$101.07,$98.90
04/26/2022,$99.79,"1,362,588",$103.26,$103.36,$99.77
04/25/2022,$103.73,"1,541,379",$102.95,$103.78,$102.3184
04/22/2022,$103.85,"2,378,721",$105.05,$105.69,$103.79
04/21/2022,$106.34,"1,723,461",$108.30,$108.77,$106.23
04/20/2022,$106.88,"1,350,326",$106.55,$107.50,$105.95
04/19/2022,$105.24,"1,106,544",$104.29,$105.33,$104.16
04/18/2022,$104.22,"1,020,803",$103.92,$104.79,$103.20
04/14/2022,$103.89,"914,576",$105.65,$105.73,$103.89
04/13/2022,$105.92,"1,154,938",$104.29,$106.005,$104.06
04/12/2022,$105.42,"1,398,612",$106.67,$107.54,$104.84
04/11/2022,$107.56,"1,088,424",$108.20,$108.53,$107.41
04/08/2022,$108.47,"799,967",$107.95,$109.4481,$107.82
04/07/2022,$109.18,"1,048,686",$108.96,$109.80,$108.37
04/06/2022,$109.71,"766,208",$109.98,$110.39,$109.05
04/05/2022,$110.81,"1,559,296",$111.12,$111.77,$110.25
04/04/2022,$112.48,"1,239,699",$110.14,$112.59,$110.13
04/01/2022,$110.63,"749,836",$110.81,$111.08,$109.42
03/31/2022,$110.96,"1,323,058",$113.10,$113.32,$110.89
03/30/2022,$113.15,"982,396",$113.48,$114.202,$112.76
03/29/2022,$114.74,"920,465",$115.29,$116.00,$113.74
03/28/2022,$111.81,"905,608",$110.87,$111.94,$110.355
03/25/2022,$111.34,"570,747",$112.03,$112.03,$110.345
03/24/2022,$111.22,"712,649",$110.01,$111.299,$109.53
03/23/2022,$109.79,"1,007,348",$110.49,$110.945,$109.69
03/22/2022,$112.73,"911,165",$111.80,$113.30,$111.59
03/21/2022,$111.87,"1,329,260",$112.76,$113.72,$111.36
03/18/2022,$115.36,"1,406,246",$112.25,$115.55,$112.25
03/17/2022,$115.71,"816,270",$113.64,$115.73,$113.51
03/16/2022,$114.49,"897,616",$112.40,$114.49,$111.3706
03/15/2022,$110.73,"898,850",$110.88,$111.01,$109.07
03/14/2022,$110.05,"1,005,092",$110.55,$111.7187,$109.84
03/11/2022,$107.68,"959,203",$110.88,$111.14,$107.60
03/10/2022,$108.51,"874,219",$108.09,$109.44,$107.48
03/09/2022,$111.85,"1,394,816",$109.63,$112.94,$109.23
03/08/2022,$106.21,"1,672,695",$106.09,$108.9696,$104.14
03/07/2022,$104.97,"1,888,142",$108.06,$108.46,$104.95
03/04/2022,$106.10,"1,618,171",$107.12,$107.40,$105.34
03/03/2022,$109.01,"1,281,930",$111.48,$111.54,$108.66
03/02/2022,$113.19,"1,509,938",$111.12,$113.44,$110.63
03/01/2022,$109.25,"1,442,163",$111.14,$111.92,$108.88
02/28/2022,$112.58,"1,295,537",$112.18,$114.14,$111.47
02/25/2022,$115.02,"909,564",$113.60,$115.05,$112.98
02/24/2022,$111.95,"1,878,768",$107.62,$112.01,$107.37
02/23/2022,$110.98,"1,219,484",$114.38,$114.51,$110.88
02/22/2022,$113.56,"1,052,527",$113.56,$114.53,$112.35
02/18/2022,$115.71,"831,619",$117.61,$117.67,$115.61
02/17/2022,$117.84,"724,689",$119.57,$119.78,$117.73
02/16/2022,$120.91,"766,593",$119.86,$121.05,$119.08
02/15/2022,$120.25,"703,487",$120.21,$120.56,$119.66
02/14/2022,$118.35,"1,384,580",$118.59,$119.54,$117.49
02/11/2022,$120.34,"979,110",$123.63,$124.18,$120.02
02/10/2022,$123.85,"679,479",$123.54,$126.16,$123.47
02/09/2022,$126.29,"945,856",$125.55,$126.37,$124.93
02/08/2022,$125.69,"711,291",$125.28,$125.90,$124.75
02/07/2022,$126.89,"1,121,787",$127.71,$128.16,$126.53
02/04/2022,$126.14,"1,343,065",$124.54,$126.44,$124.29
02/03/2022,$123.81,"1,063,878",$124.28,$125.44,$123.59
02/02/2022,$127.15,"989,930",$127.00,$127.47,$126.65
02/01/2022,$127.68,"1,289,516",$126.55,$127.84,$125.33
01/31/2022,$125.21,"1,143,016",$121.815,$125.23,$121.815
01/28/2022,$121.97,"1,479,663",$119.70,$122.03,$119.04
01/27/2022,$122.38,"2,149,087",$123.92,$125.20,$122.08
01/26/2022,$132.28,"1,572,876",$133.32,$134.35,$131.33
01/25/2022,$132.32,"1,474,638",$130.80,$133.905,$129.90
01/24/2022,$133.72,"1,768,062",$132.16,$133.93,$129.67
01/21/2022,$135.80,"1,414,849",$137.37,$137.84,$135.74
01/20/2022,$137.01,"1,018,144",$139.28,$139.82,$136.89
01/19/2022,$136.79,"681,305",$137.22,$138.62,$136.69
01/18/2022,$136.10,"988,177",$136.43,$137.8099,$135.71
01/14/2022,$138.90,"1,388,825",$136.56,$139.045,$136.53
01/13/2022,$135.91,"657,294",$139.03,$139.40,$135.79
01/12/2022,$140.15,"591,487",$139.87,$140.41,$138.995
01/11/2022,$138.79,"720,373",$137.74,$138.965,$137.46
01/10/2022,$138.61,"803,451",$137.11,$138.65,$136.48
01/07/2022,$138.26,"632,293",$137.07,$138.43,$136.62
01/06/2022,$136.99,"837,291",$137.26,$138.65,$136.80
01/05/2022,$139.58,"902,859",$141.64,$141.685,$139.39
01/04/2022,$140.27,"749,357",$141.11,$141.32,$139.9425
01/03/2022,$141.40,"811,164",$140.32,$141.57,$139.16
12/31/2021,$140.11,"254,092",$140.28,$140.919,$140.00
12/30/2021,$140.40,"246,571",$140.91,$141.4476,$140.37
12/29/2021,$140.04,"465,964",$140.40,$140.75,$139.71
12/28/2021,$141.51,"504,413",$140.67,$141.62,$140.26
12/27/2021,$141.29,"365,098",$139.85,$141.35,$139.85
12/23/2021,$140.08,"336,398",$139.17,$140.35,$139.17
12/22/2021,$139.40,"423,176",$137.23,$139.42,$137.14
12/21/2021,$137.42,"487,302",$136.76,$137.63,$135.87
12/20/2021,$136.38,"773,634",$136.20,$136.84,$135.60
12/17/2021,$138.63,"1,175,165",$138.14,$139.98,$137.68
12/16/2021,$137.65,"559,348",$139.78,$139.86,$136.95
12/15/2021,$138.41,"606,218",$136.07,$138.47,$136.00
12/14/2021,$135.60,"710,747",$136.58,$136.95,$134.64
12/13/2021,$137.95,"875,578",$138.53,$138.62,$137.17
12/10/2021,$135.39,"556,420",$134.78,$135.71,$134.49
12/09/2021,$132.86,"346,778",$133.98,$134.12,$132.795
12/08/2021,$134.52,"519,385",$134.42,$134.72,$133.80
12/07/2021,$134.50,"819,875",$132.70,$134.9395,$132.70
12/06/2021,$132.59,"998,144",$130.52,$132.709,$130.0475
12/03/2021,$128.98,"625,265",$130.53,$130.71,$128.06
12/02/2021,$130.17,"824,454",$129.64,$130.68,$128.88
12/01/2021,$129.81,"1,096,312",$131.48,$132.83,$129.75
11/30/2021,$128.44,"1,516,540",$130.83,$131.38,$127.72
11/29/2021,$132.93,"740,858",$132.29,$133.10,$131.29
11/26/2021,$130.68,"536,460",$132.60,$133.12,$130.29
11/24/2021,$133.66,"652,439",$131.54,$133.70,$131.31
11/23/2021,$135.47,"548,035",$134.97,$135.72,$134.19
11/22/2021,$135.96,"687,258",$137.99,$138.18,$135.93
11/19/2021,$140.95,"562,953",$142.38,$142.88,$140.77
11/18/2021,$142.48,"381,942",$140.76,$142.48,$140.68
11/17/2021,$141.97,"314,535",$142.22,$142.26,$141.575
11/16/2021,$142.26,"482,609",$141.53,$142.9699,$141.42
11/15/2021,$141.38,"411,826",$142.35,$142.74,$141.32
11/12/2021,$142.41,"561,889",$143.97,$144.00,$142.40
11/11/2021,$144.91,"292,199",$145.72,$145.96,$144.91
11/10/2021,$145.65,"373,533",$147.12,$147.66,$145.65
11/09/2021,$148.33,"340,227",$149.30,$149.45,$148.13
11/08/2021,$148.69,"390,919",$148.91,$149.92,$148.63
11/05/2021,$149.53,"550,123",$149.28,$149.66,$148.40
11/04/2021,$148.92,"456,715",$148.46,$149.40,$148.30
11/03/2021,$149.43,"427,622",$147.81,$149.69,$147.44
11/02/2021,$146.97,"443,129",$147.16,$147.48,$146.23
11/01/2021,$146.24,"615,398",$145.65,$146.50,$145.10
10/29/2021,$144.78,"609,930",$144.50,$145.58,$144.305
10/28/2021,$147.47,"538,974",$146.84,$147.88,$146.80
10/27/2021,$144.88,"538,630",$144.64,$145.4534,$144.56
10/26/2021,$145.73,"848,778",$145.90,$146.595,$145.54
10/25/2021,$144.72,"742,778",$143.80,$144.77,$142.86
10/22/2021,$141.78,"764,817",$141.61,$142.35,$140.75
10/21/2021,$139.46,"1,417,495",$139.23,$141.0063,$137.79
10/20/2021,$143.65,"646,996",$145.27,$145.28,$143.54
10/19/2021,$144.42,"559,366",$145.56,$146.09,$144.37
10/18/2021,$145.37,"468,350",$145.34,$145.55,$144.86
10/15/2021,$146.03,"471,406",$145.80,$146.37,$145.26
10/14/2021,$145.04,"682,104",$143.84,$145.48,$143.54
10/13/2021,$141.65,"991,594",$141.04,$141.87,$140.08
10/12/2021,$134.63,"526,148",$135.43,$135.64,$134.47
10/11/2021,$135.12,"670,194",$135.26,$135.81,$134.93
10/08/2021,$135.44,"525,266",$136.74,$136.75,$135.36
10/07/2021,$135.66,"568,689",$135.54,$136.99,$135.39
10/06/2021,$135.75,"700,117",$133.16,$135.79,$132.98
10/05/2021,$133.42,"698,780",$133.35,$134.07,$133.23
10/04/2021,$133.77,"456,311",$135.17,$135.21,$133.09
10/01/2021,$135.95,"488,680",$136.10,$136.19,$133.955
09/30/2021,$135.04,"458,625",$135.84,$136.28,$134.95
09/29/2021,$136.34,"432,625",$137.53,$137.72,$136.07
09/28/2021,$137.57,"716,804",$139.05,$139.13,$137.455
09/27/2021,$142.50,"360,939",$142.14,$142.59,$141.27
09/24/2021,$142.59,"451,661",$142.24,$142.78,$141.55
09/23/2021,$144.88,"297,371",$143.88,$145.00,$143.67
09/22/2021,$141.79,"320,164",$141.78,$142.5425,$141.23
09/21/2021,$141.83,"668,017",$142.02,$142.82,$141.20
09/20/2021,$139.17,"829,371",$139.41,$140.36,$138.12
09/17/2021,$143.32,"549,338",$145.06,$145.14,$142.39
09/16/2021,$144.86,"448,803",$144.73,$144.989,$143.76
09/15/2021,$144.25,"735,849",$145.55,$145.68,$143.30
09/14/2021,$145.15,"1,336,305",$145.09,$145.54,$144.47
09/13/2021,$145.27,"542,058",$145.93,$146.10,$144.68
09/10/2021,$145.07,"434,374",$146.67,$146.96,$144.96
09/09/2021,$145.68,"345,922",$146.52,$147.00,$145.47
09/08/2021,$146.73,"544,757",$147.26,$147.79,$146.63
09/07/2021,$149.62,"383,317",$150.72,$150.91,$149.61
09/03/2021,$149.83,"479,165",$148.16,$150.00,$147.715
09/02/2021,$148.98,"211,539",$149.57,$149.67,$148.86
09/01/2021,$150.11,"363,470",$150.78,$151.48,$150.08
08/31/2021,$150.14,"451,016",$150.36,$150.75,$149.31
08/30/2021,$149.88,"291,041",$148.79,$149.94,$148.545
08/27/2021,$148.72,"338,146",$147.55,$149.06,$147.43
08/26/2021,$147.13,"261,116",$147.26,$147.75,$146.86
08/25/2021,$146.98,"358,269",$147.43,$147.69,$146.84
08/24/2021,$148.23,"290,088",$147.85,$148.69,$147.60
08/23/2021,$148.95,"259,349",$147.73,$149.08,$147.18
08/20/2021,$147.84,"305,883",$147.43,$147.97,$147.15
08/19/2021,$147.02,"543,116",$145.56,$147.62,$145.55
08/18/2021,$147.58,"317,196",$148.71,$149.06,$147.52
08/17/2021,$148.92,"497,000",$147.80,$148.99,$147.66
08/16/2021,$147.93,"644,227",$147.45,$148.47,$147.07
08/13/2021,$148.30,"221,434",$147.77,$148.34,$147.44
08/12/2021,$147.75,"375,586",$146.42,$147.89,$145.83
08/11/2021,$145.24,"359,483",$146.45,$146.63,$144.975
08/10/2021,$145.75,"390,449",$147.26,$147.49,$145.14
08/09/2021,$146.56,"480,554",$146.40,$146.69,$146.00
08/06/2021,$146.37,"490,375",$146.96,$147.54,$146.36
08/05/2021,$148.94,"574,237",$148.53,$149.30,$148.45
08/04/2021,$146.39,"1,003,107",$145.88,$147.05,$145.63
08/03/2021,$145.54,"742,367",$144.51,$145.56,$143.96
08/02/2021,$143.32,"382,931",$143.05,$144.61,$142.75
07/30/2021,$143.72,"709,514",$143.32,$144.17,$143.08
07/29/2021,$144.34,"499,052",$143.65,$144.65,$143.63
07/28/2021,$142.97,"642,913",$141.66,$143.33,$141.2179
07/27/2021,$141.42,"829,706",$141.65,$141.77,$140.05
07/26/2021,$138.66,"685,828",$139.09,$139.34,$138.26
07/23/2021,$138.77,"821,772",$140.01,$140.06,$138.04
07/22/2021,$139.33,"847,962",$138.39,$140.27,$138.39
07/21/2021,$138.86,"2,498,906",$136.33,$140.19,$136.09
07/20/2021,$144.10,"1,081,386",$142.65,$144.54,$142.52
07/19/2021,$144.81,"587,086",$144.83,$145.38,$144.20
07/16/2021,$147.65,"393,333",$148.61,$148.80,$147.35
07/15/2021,$147.69,"435,064",$148.32,$148.79,$147.33
07/14/2021,$150.20,"547,121",$150.18,$150.63,$149.12
07/13/2021,$149.60,"611,482",$148.77,$150.60,$148.74
07/12/2021,$148.96,"589,093",$148.38,$149.59,$147.87
07/09/2021,$148.11,"503,772",$146.53,$148.28,$146.26
07/08/2021,$146.11,"966,222",$144.44,$146.68,$144.34
07/07/2021,$147.69,"927,036",$147.69,$147.81,$145.72
07/06/2021,$141.71,"427,777",$142.55,$143.00,$141.06
07/02/2021,$141.72,"256,545",$140.84,$141.77,$140.6283
